1572yA_hD_pUQA1EVEoLddVFQj5cP6at5Iqer4XHcAk,1000000
aLS-w6MHPf8OMHHSn59RdyRp5xDz8jf1O4YHGSLtN-A,1000000
I6walbXh5reZCEqrJ4YWkRup9trtuZQ1O2arQiSV-BI,1000000
gdAsLC1HDR7l2P8P0EGHBGTQmPJ8KO_OtnsC_RxhV6Y,1000000
QXSvbZHOc-9HD5OTaXw42RdZEL52lX-CGJPWULYP-jI,1000000
hAhrtel3dYM1fr-VVqhbuSXUCaxZlf5BBfSz4Kckh98,1000000
LXn_xqZinAUCCU7lCJVk3n3d17djz5swaX-iTl3MUH0,1000000
ZWQL0QihNP5VIAykxUUDVFx9G50P-RvMTBASl6Iv6tA,1000000
xqvLbynczwTmsa--qiivd2zFjyQ_WnkaS8PjPT_QD6g,1000000
ibAtyyvnr8KG95XtO6lfV5pGWQ3ituaRYBaYJUqNp3Y,1000000
k05ZqCcKGFIBcWt9ASkGCUuZhSuszwcEvb5q8u0qmgE,1000000
vqqTpuArCRdT9Sdus3F5xNrWki5mWNgl1FqCssZ2MIQ,1000000
7d0eYk_nZy19vNHen78T2V06g4Ade6RyePwsXN0P35E,1000000
Aktz6ikP8Wl5NNl3Tq4otwHpzEQ0O2Yotd6drRKtV8k,1000000
v2LijTzWD2eCKAQVtHFDxt8qWGCwhRiSIyodzpFN-L4,1000000
mu8ORXvwqm_tE44d0fOwS626Bs-Rwj-qYrwUy4K6Fo0,1000000
DCWsufEbuIcrnhh4BeupYqLqtkVL4f9MLyZ6m_om0HU,1000000
Ez9a9FxkJBVYFy7SJB9rIAFfzMXKu29fLKAQHyVAx64,1000000
Xdlndd8e00g-TUdH-04cYoA6z7JjALZQVYJxLkC-9vQ,1000000
0SIWhk6b4V_peSKQaw2K4H9gDpCElEykYPh677cF_PE,1000000
niHMciA_-tRCz6FQwjWBnoBSi8Fsg65R1JOhXWQBdp8,1000000
-EPaHfiyhaiwBYlvnj_pcsRpeMHYjJMLHYXx29W6JOs,1000000
3KPfQ7Ee0nLJY3aq22o5JLkjyhlXB8ZEQJ1_WsuGPMo,1000000
VbrnAXQs3yQ0gYU4TmCPxPkcfvef0rptOS2PnSlf1Vc,1000000
w5vrpmfVglIXnpPw-XXCYRc-b2V4EJQiHK_nXTmKAWo,1000000
ZN3X5I2eQkMWimjRT5W5Q6ThlG2bi3FYmTguWJBhA8g,1000000
V1xawJzIrtiB7xihvOrJg7LslHmjZDLg0S8wl2aTv9g,1000000
jMItIbppAxYBh73W_bhdI7hgh8ODQL5bo-WZ_M0R_oc,1000000
iGalOlW2iLrfq51jDWQ4paup08xtya34GjyiJXczsas,1000000
qGoCuS-R6kQ-0WEInXTUFdmm7qRX2CQ5eIGg6cXy-RI,1000000
V4S7ZDyLl3TUXMdeFXU_5u-LmxpknNQT_WstyzkmIPY,1000000
SEWECr8TPPkmFUdvximM8QzYWTLLSSz7M925Spc9OcU,1000000
NXIlx1bb0v-A12vZ3k8I6qFiBS1JHCAk-j7rr8fqmQc,1000000
h3tgj36tjh5lYvsQ7s_G-49TH_Q3X7vB6CneFDDHGvI,1000000
5sV1nO31N7DsAE6r14vDW9aF2kvzV2RBa0wty7DJABk,1000000
4txWvfDslvCRlGpqPify-oQMzZCgIbEcIB0RiDqtkKA,1000000
NdERD3xM5LF3MOm6SDSmOpKdR2La7IKJA096jV0skQA,1000000
YRp6uekkqA2U8hhaog4lL12vzS7_oBFDCEWWe-0kOJM,1000000
P7LguUeGt028DDndGDRI9YU1Cse8YEadBagCqtFGrrY,1000000
FwQTP1F9nw12DNRsjPSQHcwLLH2VHJ7_VA7lEYQVsrI,1000000
nIjB3yuuTGKH4EutDtkUf1FokZzV-oSR-EVykFdCrqg,1000000
b4GztGq1WHkD_Ze5Pl_66pBZm3FTR1RrJbO8cVDIF-k,1000000
FTqaMUigb0Q4vASThIt8duEjuki-nVuQqt_-HANaNOA,1000000
27f-aVVlfibHVzzlsFKJxCfxHrANf6A_LrnO1WdwDWo,1000000
xhdsFAmuuTV8TtXjfMwHsEUFpGrSmE_aPOuADfZBjvs,1000000
9IINGX7kCecpUVMqiUP3eoNM6qNRkY1WWx02PQqMW1k,1000000
BJ60pGxJ3R8yNYKqbf7FCK6nE_WLOe1GjKh5iZCmbQU,1000000
9NgzKbdPihpPPoLoYXoIjb8V6Hc9mGmZuOSC5g4dRFY,1000000
_wHhgBvE7Kb-KrvdMW-YFuXEnkPF1WNJjgrBkjSp_po,1000000
DrnRrLa5On-XeEKqO7Hi_NI1WHkcgIIoR7n_wxfnK1I,1000000
